<?xml version="1.0" encoding="UTF-8"?>
<knimeNode icon="./default.png" type="Manipulator" xmlns="http://knime.org/node/v2.8" xmlns:xsi="http://www.w3.org/2001/XMLSchema-instance" xsi:schemaLocation="http://knime.org/node/v2.10 http://knime.org/node/v2.10.xsd">
    <name>Copy Node (Solution 2)</name>
    
    <shortDescription>
        Copies the input table and outputs it
    </shortDescription>
    
    <fullDescription>
        <intro>Copies the input table and outputs it</intro>
        
        
    </fullDescription>
    
    <ports>
        <inPort index="0" name="In-Port name">Description of first input port...</inPort>
        <!-- possibly more input ports here-->
        <outPort index="0" name="Out-Port name">Description of first output port...</outPort>
        <!-- possibly more output ports here-->
    </ports> 
</knimeNode>
